name,type1,type2,image_path
bulbasaur,grass,poison,images/bulbasaur.png
ivysaur,grass,poison,images/ivysaur.png
venusaur,grass,poison,images/venusaur.png
charmander,fire,,images/charmander.png
charmeleon,fire,,images/charmeleon.png
charizard,fire,flying,images/charizard.png
squirtle,water,,images/squirtle.png
wartortle,water,,images/wartortle.png
blastoise,water,,images/blastoise.png
caterpie,bug,,images/caterpie.png
metapod,bug,,images/metapod.png
butterfree,bug,flying,images/butterfree.png
weedle,bug,poison,images/weedle.png
kakuna,bug,poison,images/kakuna.png
beedrill,bug,poison,images/beedrill.png
pidgey,normal,flying,images/pidgey.png
pidgeotto,normal,flying,images/pidgeotto.png
pidgeot,normal,flying,images/pidgeot.png
rattata,normal,,images/rattata.png
raticate,normal,,images/raticate.png
spearow,normal,flying,images/spearow.png
fearow,normal,flying,images/fearow.png
ekans,poison,,images/ekans.png
arbok,poison,,images/arbok.png
pikachu,electric,,images/pikachu.png
raichu,electric,,images/raichu.png
sandshrew,ground,,images/sandshrew.png
sandslash,ground,,images/sandslash.png
nidoran-f,poison,,images/nidoran-f.png
nidorina,poison,,images/nidorina.png
nidoqueen,poison,ground,images/nidoqueen.png
nidoran-m,poison,,images/nidoran-m.png
nidorino,poison,,images/nidorino.png
nidoking,poison,ground,images/nidoking.png
clefairy,fairy,,images/clefairy.png
clefable,fairy,,images/clefable.png
vulpix,fire,,images/vulpix.png
ninetales,fire,,images/ninetales.png
jigglypuff,normal,fairy,images/jigglypuff.png
wigglytuff,normal,fairy,images/wigglytuff.png
zubat,poison,flying,images/zubat.png
golbat,poison,flying,images/golbat.png
oddish,grass,poison,images/oddish.png
gloom,grass,poison,images/gloom.png
vileplume,grass,poison,images/vileplume.png
paras,bug,grass,images/paras.png
parasect,bug,grass,images/parasect.png
venonat,bug,poison,images/venonat.png
venomoth,bug,poison,images/venomoth.png
diglett,ground,,images/diglett.png
dugtrio,ground,,images/dugtrio.png
meowth,normal,,images/meowth.png
persian,normal,,images/persian.png
psyduck,water,,images/psyduck.png
golduck,water,,images/golduck.png
mankey,fighting,,images/mankey.png
primeape,fighting,,images/primeape.png
growlithe,fire,,images/growlithe.png
arcanine,fire,,images/arcanine.png
poliwag,water,,images/poliwag.png
poliwhirl,water,,images/poliwhirl.png
poliwrath,water,fighting,images/poliwrath.png
abra,psychic,,images/abra.png
kadabra,psychic,,images/kadabra.png
alakazam,psychic,,images/alakazam.png
machop,fighting,,images/machop.png
machoke,fighting,,images/machoke.png
machamp,fighting,,images/machamp.png
bellsprout,grass,poison,images/bellsprout.png
weepinbell,grass,poison,images/weepinbell.png
victreebel,grass,poison,images/victreebel.png
tentacool,water,poison,images/tentacool.png
tentacruel,water,poison,images/tentacruel.png
geodude,rock,ground,images/geodude.png
graveler,rock,ground,images/graveler.png
golem,rock,ground,images/golem.png
ponyta,fire,,images/ponyta.png
rapidash,fire,,images/rapidash.png
slowpoke,water,psychic,images/slowpoke.png
slowbro,water,psychic,images/slowbro.png
magnemite,electric,steel,images/magnemite.png
magneton,electric,steel,images/magneton.png
farfetchd,normal,flying,images/farfetchd.png
doduo,normal,flying,images/doduo.png
dodrio,normal,flying,images/dodrio.png
seel,water,,images/seel.png
dewgong,water,ice,images/dewgong.png
grimer,poison,,images/grimer.png
muk,poison,,images/muk.png
shellder,water,,images/shellder.png
cloyster,water,ice,images/cloyster.png
gastly,ghost,poison,images/gastly.png
haunter,ghost,poison,images/haunter.png
gengar,ghost,poison,images/gengar.png
onix,rock,ground,images/onix.png
drowzee,psychic,,images/drowzee.png
hypno,psychic,,images/hypno.png
krabby,water,,images/krabby.png
kingler,water,,images/kingler.png
voltorb,electric,,images/voltorb.png
electrode,electric,,images/electrode.png
exeggcute,grass,psychic,images/exeggcute.png
exeggutor,grass,psychic,images/exeggutor.png
cubone,ground,,images/cubone.png
marowak,ground,,images/marowak.png
hitmonlee,fighting,,images/hitmonlee.png
hitmonchan,fighting,,images/hitmonchan.png
lickitung,normal,,images/lickitung.png
koffing,poison,,images/koffing.png
weezing,poison,,images/weezing.png
rhyhorn,ground,rock,images/rhyhorn.png
rhydon,ground,rock,images/rhydon.png
chansey,normal,,images/chansey.png
tangela,grass,,images/tangela.png
kangaskhan,normal,,images/kangaskhan.png
horsea,water,,images/horsea.png
seadra,water,,images/seadra.png
goldeen,water,,images/goldeen.png
seaking,water,,images/seaking.png
staryu,water,,images/staryu.png
starmie,water,psychic,images/starmie.png
mr-mime,psychic,fairy,images/mr-mime.png
scyther,bug,flying,images/scyther.png
jynx,ice,psychic,images/jynx.png
electabuzz,electric,,images/electabuzz.png
magmar,fire,,images/magmar.png
pinsir,bug,,images/pinsir.png
tauros,normal,,images/tauros.png
magikarp,water,,images/magikarp.png
gyarados,water,flying,images/gyarados.png
lapras,water,ice,images/lapras.png
ditto,normal,,images/ditto.png
eevee,normal,,images/eevee.png
vaporeon,water,,images/vaporeon.png
jolteon,electric,,images/jolteon.png
flareon,fire,,images/flareon.png
porygon,normal,,images/porygon.png
omanyte,rock,water,images/omanyte.png
omastar,rock,water,images/omastar.png
kabuto,rock,water,images/kabuto.png
kabutops,rock,water,images/kabutops.png
aerodactyl,rock,flying,images/aerodactyl.png
snorlax,normal,,images/snorlax.png
articuno,ice,flying,images/articuno.png
zapdos,electric,flying,images/zapdos.png
moltres,fire,flying,images/moltres.png
dratini,dragon,,images/dratini.png
dragonair,dragon,,images/dragonair.png
dragonite,dragon,flying,images/dragonite.png
mewtwo,psychic,,images/mewtwo.png
mew,psychic,,images/mew.png
chikorita,grass,,images/chikorita.png
bayleef,grass,,images/bayleef.png
meganium,grass,,images/meganium.png
cyndaquil,fire,,images/cyndaquil.png
quilava,fire,,images/quilava.png
typhlosion,fire,,images/typhlosion.png
totodile,water,,images/totodile.png
croconaw,water,,images/croconaw.png
feraligatr,water,,images/feraligatr.png
sentret,normal,,images/sentret.png
furret,normal,,images/furret.png
hoothoot,normal,flying,images/hoothoot.png
noctowl,normal,flying,images/noctowl.png
ledyba,bug,flying,images/ledyba.png
ledian,bug,flying,images/ledian.png
spinarak,bug,poison,images/spinarak.png
ariados,bug,poison,images/ariados.png
crobat,poison,flying,images/crobat.png
chinchou,water,electric,images/chinchou.png
lanturn,water,electric,images/lanturn.png
pichu,electric,,images/pichu.png
cleffa,fairy,,images/cleffa.png
igglybuff,normal,fairy,images/igglybuff.png
togepi,fairy,,images/togepi.png
togetic,fairy,flying,images/togetic.png
natu,psychic,flying,images/natu.png
xatu,psychic,flying,images/xatu.png
mareep,electric,,images/mareep.png
flaaffy,electric,,images/flaaffy.png
ampharos,electric,,images/ampharos.png
bellossom,grass,,images/bellossom.png
marill,water,fairy,images/marill.png
azumarill,water,fairy,images/azumarill.png
sudowoodo,rock,,images/sudowoodo.png
politoed,water,,images/politoed.png
hoppip,grass,flying,images/hoppip.png
skiploom,grass,flying,images/skiploom.png
jumpluff,grass,flying,images/jumpluff.png
aipom,normal,,images/aipom.png
sunkern,grass,,images/sunkern.png
sunflora,grass,,images/sunflora.png
yanma,bug,flying,images/yanma.png
wooper,water,ground,images/wooper.png
quagsire,water,ground,images/quagsire.png
espeon,psychic,,images/espeon.png
umbreon,dark,,images/umbreon.png
murkrow,dark,flying,images/murkrow.png
slowking,water,psychic,images/slowking.png
misdreavus,ghost,,images/misdreavus.png
unown,psychic,,images/unown.png
wobbuffet,psychic,,images/wobbuffet.png
girafarig,normal,psychic,images/girafarig.png
pineco,bug,,images/pineco.png
forretress,bug,steel,images/forretress.png
dunsparce,normal,,images/dunsparce.png
gligar,ground,flying,images/gligar.png
steelix,steel,ground,images/steelix.png
snubbull,fairy,,images/snubbull.png
granbull,fairy,,images/granbull.png
qwilfish,water,poison,images/qwilfish.png
scizor,bug,steel,images/scizor.png
shuckle,bug,rock,images/shuckle.png
heracross,bug,fighting,images/heracross.png
sneasel,dark,ice,images/sneasel.png
teddiursa,normal,,images/teddiursa.png
ursaring,normal,,images/ursaring.png
slugma,fire,,images/slugma.png
magcargo,fire,rock,images/magcargo.png
swinub,ice,ground,images/swinub.png
piloswine,ice,ground,images/piloswine.png
corsola,water,rock,images/corsola.png
remoraid,water,,images/remoraid.png
octillery,water,,images/octillery.png
delibird,ice,flying,images/delibird.png
mantine,water,flying,images/mantine.png
skarmory,steel,flying,images/skarmory.png
houndour,dark,fire,images/houndour.png
houndoom,dark,fire,images/houndoom.png
kingdra,water,dragon,images/kingdra.png
phanpy,ground,,images/phanpy.png
donphan,ground,,images/donphan.png
porygon2,normal,,images/porygon2.png
stantler,normal,,images/stantler.png
smeargle,normal,,images/smeargle.png
tyrogue,fighting,,images/tyrogue.png
hitmontop,fighting,,images/hitmontop.png
smoochum,ice,psychic,images/smoochum.png
elekid,electric,,images/elekid.png
magby,fire,,images/magby.png
miltank,normal,,images/miltank.png
blissey,normal,,images/blissey.png
raikou,electric,,images/raikou.png
entei,fire,,images/entei.png
suicune,water,,images/suicune.png
larvitar,rock,ground,images/larvitar.png
pupitar,rock,ground,images/pupitar.png
tyranitar,rock,dark,images/tyranitar.png
lugia,psychic,flying,images/lugia.png
ho-oh,fire,flying,images/ho-oh.png
celebi,psychic,grass,images/celebi.png
treecko,grass,,images/treecko.png
grovyle,grass,,images/grovyle.png
sceptile,grass,,images/sceptile.png
torchic,fire,,images/torchic.png
combusken,fire,fighting,images/combusken.png
blaziken,fire,fighting,images/blaziken.png
mudkip,water,,images/mudkip.png
marshtomp,water,ground,images/marshtomp.png
swampert,water,ground,images/swampert.png
poochyena,dark,,images/poochyena.png
mightyena,dark,,images/mightyena.png
zigzagoon,normal,,images/zigzagoon.png
linoone,normal,,images/linoone.png
wurmple,bug,,images/wurmple.png
silcoon,bug,,images/silcoon.png
beautifly,bug,flying,images/beautifly.png
cascoon,bug,,images/cascoon.png
dustox,bug,poison,images/dustox.png
lotad,water,grass,images/lotad.png
lombre,water,grass,images/lombre.png
ludicolo,water,grass,images/ludicolo.png
seedot,grass,,images/seedot.png
nuzleaf,grass,dark,images/nuzleaf.png
shiftry,grass,dark,images/shiftry.png
taillow,normal,flying,images/taillow.png
swellow,normal,flying,images/swellow.png
wingull,water,flying,images/wingull.png
pelipper,water,flying,images/pelipper.png
ralts,psychic,fairy,images/ralts.png
kirlia,psychic,fairy,images/kirlia.png
gardevoir,psychic,fairy,images/gardevoir.png
surskit,bug,water,images/surskit.png
masquerain,bug,flying,images/masquerain.png
shroomish,grass,,images/shroomish.png
breloom,grass,fighting,images/breloom.png
slakoth,normal,,images/slakoth.png
vigoroth,normal,,images/vigoroth.png
slaking,normal,,images/slaking.png
nincada,bug,ground,images/nincada.png
ninjask,bug,flying,images/ninjask.png
shedinja,bug,ghost,images/shedinja.png
whismur,normal,,images/whismur.png
loudred,normal,,images/loudred.png
exploud,normal,,images/exploud.png
makuhita,fighting,,images/makuhita.png
hariyama,fighting,,images/hariyama.png
azurill,normal,fairy,images/azurill.png
nosepass,rock,,images/nosepass.png
skitty,normal,,images/skitty.png
delcatty,normal,,images/delcatty.png
sableye,dark,ghost,images/sableye.png
mawile,steel,fairy,images/mawile.png
aron,steel,rock,images/aron.png
lairon,steel,rock,images/lairon.png
aggron,steel,rock,images/aggron.png
meditite,fighting,psychic,images/meditite.png
medicham,fighting,psychic,images/medicham.png
electrike,electric,,images/electrike.png
manectric,electric,,images/manectric.png
plusle,electric,,images/plusle.png
minun,electric,,images/minun.png
volbeat,bug,,images/volbeat.png
illumise,bug,,images/illumise.png
roselia,grass,poison,images/roselia.png
gulpin,poison,,images/gulpin.png
swalot,poison,,images/swalot.png
carvanha,water,dark,images/carvanha.png
sharpedo,water,dark,images/sharpedo.png
wailmer,water,,images/wailmer.png
wailord,water,,images/wailord.png
numel,fire,ground,images/numel.png
camerupt,fire,ground,images/camerupt.png
torkoal,fire,,images/torkoal.png
spoink,psychic,,images/spoink.png
grumpig,psychic,,images/grumpig.png
spinda,normal,,images/spinda.png
trapinch,ground,,images/trapinch.png
vibrava,ground,dragon,images/vibrava.png
flygon,ground,dragon,images/flygon.png
cacnea,grass,,images/cacnea.png
cacturne,grass,dark,images/cacturne.png
swablu,normal,flying,images/swablu.png
altaria,dragon,flying,images/altaria.png
zangoose,normal,,images/zangoose.png
seviper,poison,,images/seviper.png
lunatone,rock,psychic,images/lunatone.png
solrock,rock,psychic,images/solrock.png
barboach,water,ground,images/barboach.png
whiscash,water,ground,images/whiscash.png
corphish,water,,images/corphish.png
crawdaunt,water,dark,images/crawdaunt.png
baltoy,ground,psychic,images/baltoy.png
claydol,ground,psychic,images/claydol.png
lileep,rock,grass,images/lileep.png
cradily,rock,grass,images/cradily.png
anorith,rock,bug,images/anorith.png
armaldo,rock,bug,images/armaldo.png
feebas,water,,images/feebas.png
milotic,water,,images/milotic.png
castform,normal,,images/castform.png
kecleon,normal,,images/kecleon.png
shuppet,ghost,,images/shuppet.png
banette,ghost,,images/banette.png
duskull,ghost,,images/duskull.png
dusclops,ghost,,images/dusclops.png
tropius,grass,flying,images/tropius.png
chimecho,psychic,,images/chimecho.png
absol,dark,,images/absol.png
wynaut,psychic,,images/wynaut.png
snorunt,ice,,images/snorunt.png
glalie,ice,,images/glalie.png
spheal,ice,water,images/spheal.png
sealeo,ice,water,images/sealeo.png
walrein,ice,water,images/walrein.png
clamperl,water,,images/clamperl.png
huntail,water,,images/huntail.png
gorebyss,water,,images/gorebyss.png
relicanth,water,rock,images/relicanth.png
luvdisc,water,,images/luvdisc.png
bagon,dragon,,images/bagon.png
shelgon,dragon,,images/shelgon.png
salamence,dragon,flying,images/salamence.png
beldum,steel,psychic,images/beldum.png
metang,steel,psychic,images/metang.png
metagross,steel,psychic,images/metagross.png
regirock,rock,,images/regirock.png
regice,ice,,images/regice.png
registeel,steel,,images/registeel.png
latias,dragon,psychic,images/latias.png
latios,dragon,psychic,images/latios.png
kyogre,water,,images/kyogre.png
groudon,ground,,images/groudon.png
rayquaza,dragon,flying,images/rayquaza.png
jirachi,steel,psychic,images/jirachi.png
deoxys-normal,psychic,,images/deoxys-normal.png
turtwig,grass,,images/turtwig.png
grotle,grass,,images/grotle.png
torterra,grass,ground,images/torterra.png
chimchar,fire,,images/chimchar.png
monferno,fire,fighting,images/monferno.png
infernape,fire,fighting,images/infernape.png
piplup,water,,images/piplup.png
prinplup,water,,images/prinplup.png
empoleon,water,steel,images/empoleon.png
starly,normal,flying,images/starly.png
staravia,normal,flying,images/staravia.png
staraptor,normal,flying,images/staraptor.png
bidoof,normal,,images/bidoof.png
bibarel,normal,water,images/bibarel.png
kricketot,bug,,images/kricketot.png
kricketune,bug,,images/kricketune.png
shinx,electric,,images/shinx.png
luxio,electric,,images/luxio.png
luxray,electric,,images/luxray.png
budew,grass,poison,images/budew.png
roserade,grass,poison,images/roserade.png
cranidos,rock,,images/cranidos.png
rampardos,rock,,images/rampardos.png
shieldon,rock,steel,images/shieldon.png
bastiodon,rock,steel,images/bastiodon.png
burmy,bug,,images/burmy.png
wormadam-plant,bug,grass,images/wormadam-plant.png
mothim,bug,flying,images/mothim.png
combee,bug,flying,images/combee.png
vespiquen,bug,flying,images/vespiquen.png
pachirisu,electric,,images/pachirisu.png
buizel,water,,images/buizel.png
floatzel,water,,images/floatzel.png
cherubi,grass,,images/cherubi.png
cherrim,grass,,images/cherrim.png
shellos,water,,images/shellos.png
gastrodon,water,ground,images/gastrodon.png
ambipom,normal,,images/ambipom.png
drifloon,ghost,flying,images/drifloon.png
drifblim,ghost,flying,images/drifblim.png
buneary,normal,,images/buneary.png
lopunny,normal,,images/lopunny.png
mismagius,ghost,,images/mismagius.png
honchkrow,dark,flying,images/honchkrow.png
glameow,normal,,images/glameow.png
purugly,normal,,images/purugly.png
chingling,psychic,,images/chingling.png
stunky,poison,dark,images/stunky.png
skuntank,poison,dark,images/skuntank.png
bronzor,steel,psychic,images/bronzor.png
bronzong,steel,psychic,images/bronzong.png
bonsly,rock,,images/bonsly.png
mime-jr,psychic,fairy,images/mime-jr.png
happiny,normal,,images/happiny.png
chatot,normal,flying,images/chatot.png
spiritomb,ghost,dark,images/spiritomb.png
gible,dragon,ground,images/gible.png
gabite,dragon,ground,images/gabite.png
garchomp,dragon,ground,images/garchomp.png
munchlax,normal,,images/munchlax.png
riolu,fighting,,images/riolu.png
lucario,fighting,steel,images/lucario.png
hippopotas,ground,,images/hippopotas.png
hippowdon,ground,,images/hippowdon.png
skorupi,poison,bug,images/skorupi.png
drapion,poison,dark,images/drapion.png
croagunk,poison,fighting,images/croagunk.png
toxicroak,poison,fighting,images/toxicroak.png
carnivine,grass,,images/carnivine.png
finneon,water,,images/finneon.png
lumineon,water,,images/lumineon.png
mantyke,water,flying,images/mantyke.png
snover,grass,ice,images/snover.png
abomasnow,grass,ice,images/abomasnow.png
weavile,dark,ice,images/weavile.png
magnezone,electric,steel,images/magnezone.png
lickilicky,normal,,images/lickilicky.png
rhyperior,ground,rock,images/rhyperior.png
tangrowth,grass,,images/tangrowth.png
electivire,electric,,images/electivire.png
magmortar,fire,,images/magmortar.png
togekiss,fairy,flying,images/togekiss.png
yanmega,bug,flying,images/yanmega.png
leafeon,grass,,images/leafeon.png
glaceon,ice,,images/glaceon.png
gliscor,ground,flying,images/gliscor.png
mamoswine,ice,ground,images/mamoswine.png
porygon-z,normal,,images/porygon-z.png
gallade,psychic,fighting,images/gallade.png
probopass,rock,steel,images/probopass.png
dusknoir,ghost,,images/dusknoir.png
froslass,ice,ghost,images/froslass.png
rotom,electric,ghost,images/rotom.png
uxie,psychic,,images/uxie.png
mesprit,psychic,,images/mesprit.png
azelf,psychic,,images/azelf.png
dialga,steel,dragon,images/dialga.png
palkia,water,dragon,images/palkia.png
heatran,fire,steel,images/heatran.png
regigigas,normal,,images/regigigas.png
giratina-altered,ghost,dragon,images/giratina-altered.png
cresselia,psychic,,images/cresselia.png
phione,water,,images/phione.png
manaphy,water,,images/manaphy.png
darkrai,dark,,images/darkrai.png
shaymin-land,grass,,images/shaymin-land.png
arceus,normal,,images/arceus.png
victini,psychic,fire,images/victini.png
snivy,grass,,images/snivy.png
servine,grass,,images/servine.png
serperior,grass,,images/serperior.png
tepig,fire,,images/tepig.png
pignite,fire,fighting,images/pignite.png
emboar,fire,fighting,images/emboar.png
oshawott,water,,images/oshawott.png
dewott,water,,images/dewott.png
samurott,water,,images/samurott.png
patrat,normal,,images/patrat.png
watchog,normal,,images/watchog.png
lillipup,normal,,images/lillipup.png
herdier,normal,,images/herdier.png
stoutland,normal,,images/stoutland.png
purrloin,dark,,images/purrloin.png
liepard,dark,,images/liepard.png
pansage,grass,,images/pansage.png
simisage,grass,,images/simisage.png
pansear,fire,,images/pansear.png
simisear,fire,,images/simisear.png
panpour,water,,images/panpour.png
simipour,water,,images/simipour.png
munna,psychic,,images/munna.png
musharna,psychic,,images/musharna.png
pidove,normal,flying,images/pidove.png
tranquill,normal,flying,images/tranquill.png
unfezant,normal,flying,images/unfezant.png
blitzle,electric,,images/blitzle.png
zebstrika,electric,,images/zebstrika.png
roggenrola,rock,,images/roggenrola.png
boldore,rock,,images/boldore.png
gigalith,rock,,images/gigalith.png
woobat,psychic,flying,images/woobat.png
swoobat,psychic,flying,images/swoobat.png
drilbur,ground,,images/drilbur.png
excadrill,ground,steel,images/excadrill.png
audino,normal,,images/audino.png
timburr,fighting,,images/timburr.png
gurdurr,fighting,,images/gurdurr.png
conkeldurr,fighting,,images/conkeldurr.png
tympole,water,,images/tympole.png
palpitoad,water,ground,images/palpitoad.png
seismitoad,water,ground,images/seismitoad.png
throh,fighting,,images/throh.png
sawk,fighting,,images/sawk.png
sewaddle,bug,grass,images/sewaddle.png
swadloon,bug,grass,images/swadloon.png
leavanny,bug,grass,images/leavanny.png
venipede,bug,poison,images/venipede.png
whirlipede,bug,poison,images/whirlipede.png
scolipede,bug,poison,images/scolipede.png
cottonee,grass,fairy,images/cottonee.png
whimsicott,grass,fairy,images/whimsicott.png
petilil,grass,,images/petilil.png
lilligant,grass,,images/lilligant.png
basculin-red-striped,water,,images/basculin-red-striped.png
sandile,ground,dark,images/sandile.png
krokorok,ground,dark,images/krokorok.png
krookodile,ground,dark,images/krookodile.png
darumaka,fire,,images/darumaka.png
darmanitan-standard,fire,,images/darmanitan-standard.png
maractus,grass,,images/maractus.png
dwebble,bug,rock,images/dwebble.png
crustle,bug,rock,images/crustle.png
scraggy,dark,fighting,images/scraggy.png
scrafty,dark,fighting,images/scrafty.png
sigilyph,psychic,flying,images/sigilyph.png
yamask,ghost,,images/yamask.png
cofagrigus,ghost,,images/cofagrigus.png
tirtouga,water,rock,images/tirtouga.png
carracosta,water,rock,images/carracosta.png
archen,rock,flying,images/archen.png
archeops,rock,flying,images/archeops.png
trubbish,poison,,images/trubbish.png
garbodor,poison,,images/garbodor.png
zorua,dark,,images/zorua.png
zoroark,dark,,images/zoroark.png
minccino,normal,,images/minccino.png
cinccino,normal,,images/cinccino.png
gothita,psychic,,images/gothita.png
gothorita,psychic,,images/gothorita.png
gothitelle,psychic,,images/gothitelle.png
solosis,psychic,,images/solosis.png
duosion,psychic,,images/duosion.png
reuniclus,psychic,,images/reuniclus.png
ducklett,water,flying,images/ducklett.png
swanna,water,flying,images/swanna.png
vanillite,ice,,images/vanillite.png
vanillish,ice,,images/vanillish.png
vanilluxe,ice,,images/vanilluxe.png
deerling,normal,grass,images/deerling.png
sawsbuck,normal,grass,images/sawsbuck.png
emolga,electric,flying,images/emolga.png
karrablast,bug,,images/karrablast.png
escavalier,bug,steel,images/escavalier.png
foongus,grass,poison,images/foongus.png
amoonguss,grass,poison,images/amoonguss.png
frillish,water,ghost,images/frillish.png
jellicent,water,ghost,images/jellicent.png
alomomola,water,,images/alomomola.png
joltik,bug,electric,images/joltik.png
galvantula,bug,electric,images/galvantula.png
ferroseed,grass,steel,images/ferroseed.png
ferrothorn,grass,steel,images/ferrothorn.png
klink,steel,,images/klink.png
klang,steel,,images/klang.png
klinklang,steel,,images/klinklang.png
tynamo,electric,,images/tynamo.png
eelektrik,electric,,images/eelektrik.png
eelektross,electric,,images/eelektross.png
elgyem,psychic,,images/elgyem.png
beheeyem,psychic,,images/beheeyem.png
litwick,ghost,fire,images/litwick.png
lampent,ghost,fire,images/lampent.png
chandelure,ghost,fire,images/chandelure.png
axew,dragon,,images/axew.png
fraxure,dragon,,images/fraxure.png
haxorus,dragon,,images/haxorus.png
cubchoo,ice,,images/cubchoo.png
beartic,ice,,images/beartic.png
cryogonal,ice,,images/cryogonal.png
shelmet,bug,,images/shelmet.png
accelgor,bug,,images/accelgor.png
stunfisk,ground,electric,images/stunfisk.png
mienfoo,fighting,,images/mienfoo.png
mienshao,fighting,,images/mienshao.png
druddigon,dragon,,images/druddigon.png
golett,ground,ghost,images/golett.png
golurk,ground,ghost,images/golurk.png
pawniard,dark,steel,images/pawniard.png
bisharp,dark,steel,images/bisharp.png
bouffalant,normal,,images/bouffalant.png
rufflet,normal,flying,images/rufflet.png
braviary,normal,flying,images/braviary.png
vullaby,dark,flying,images/vullaby.png
mandibuzz,dark,flying,images/mandibuzz.png
heatmor,fire,,images/heatmor.png
durant,bug,steel,images/durant.png
deino,dark,dragon,images/deino.png
zweilous,dark,dragon,images/zweilous.png
hydreigon,dark,dragon,images/hydreigon.png
larvesta,bug,fire,images/larvesta.png
volcarona,bug,fire,images/volcarona.png
cobalion,steel,fighting,images/cobalion.png
terrakion,rock,fighting,images/terrakion.png
virizion,grass,fighting,images/virizion.png
tornadus-incarnate,flying,,images/tornadus-incarnate.png
thundurus-incarnate,electric,flying,images/thundurus-incarnate.png
reshiram,dragon,fire,images/reshiram.png
zekrom,dragon,electric,images/zekrom.png
landorus-incarnate,ground,flying,images/landorus-incarnate.png
kyurem,dragon,ice,images/kyurem.png
keldeo-ordinary,water,fighting,images/keldeo-ordinary.png
meloetta-aria,normal,psychic,images/meloetta-aria.png
genesect,bug,steel,images/genesect.png
chespin,grass,,images/chespin.png
quilladin,grass,,images/quilladin.png
chesnaught,grass,fighting,images/chesnaught.png
fennekin,fire,,images/fennekin.png
braixen,fire,,images/braixen.png
delphox,fire,psychic,images/delphox.png
froakie,water,,images/froakie.png
frogadier,water,,images/frogadier.png
greninja,water,dark,images/greninja.png
bunnelby,normal,,images/bunnelby.png
diggersby,normal,ground,images/diggersby.png
fletchling,normal,flying,images/fletchling.png
fletchinder,fire,flying,images/fletchinder.png
talonflame,fire,flying,images/talonflame.png
scatterbug,bug,,images/scatterbug.png
spewpa,bug,,images/spewpa.png
vivillon,bug,flying,images/vivillon.png
litleo,fire,normal,images/litleo.png
pyroar,fire,normal,images/pyroar.png
flabebe,fairy,,images/flabebe.png
floette,fairy,,images/floette.png
florges,fairy,,images/florges.png
skiddo,grass,,images/skiddo.png
gogoat,grass,,images/gogoat.png
pancham,fighting,,images/pancham.png
pangoro,fighting,dark,images/pangoro.png
furfrou,normal,,images/furfrou.png
espurr,psychic,,images/espurr.png
meowstic-male,psychic,,images/meowstic-male.png
honedge,steel,ghost,images/honedge.png
doublade,steel,ghost,images/doublade.png
aegislash-shield,steel,ghost,images/aegislash-shield.png
spritzee,fairy,,images/spritzee.png
aromatisse,fairy,,images/aromatisse.png
swirlix,fairy,,images/swirlix.png
slurpuff,fairy,,images/slurpuff.png
inkay,dark,psychic,images/inkay.png
malamar,dark,psychic,images/malamar.png
binacle,rock,water,images/binacle.png
barbaracle,rock,water,images/barbaracle.png
skrelp,poison,water,images/skrelp.png
dragalge,poison,dragon,images/dragalge.png
clauncher,water,,images/clauncher.png
clawitzer,water,,images/clawitzer.png
helioptile,electric,normal,images/helioptile.png
heliolisk,electric,normal,images/heliolisk.png
tyrunt,rock,dragon,images/tyrunt.png
tyrantrum,rock,dragon,images/tyrantrum.png
amaura,rock,ice,images/amaura.png
aurorus,rock,ice,images/aurorus.png
sylveon,fairy,,images/sylveon.png
hawlucha,fighting,flying,images/hawlucha.png
dedenne,electric,fairy,images/dedenne.png
carbink,rock,fairy,images/carbink.png
goomy,dragon,,images/goomy.png
sliggoo,dragon,,images/sliggoo.png
goodra,dragon,,images/goodra.png
klefki,steel,fairy,images/klefki.png
phantump,ghost,grass,images/phantump.png
trevenant,ghost,grass,images/trevenant.png
pumpkaboo-average,ghost,grass,images/pumpkaboo-average.png
gourgeist-average,ghost,grass,images/gourgeist-average.png
bergmite,ice,,images/bergmite.png
avalugg,ice,,images/avalugg.png
noibat,flying,dragon,images/noibat.png
noivern,flying,dragon,images/noivern.png
xerneas,fairy,,images/xerneas.png
yveltal,dark,flying,images/yveltal.png
zygarde-50,dragon,ground,images/zygarde-50.png
diancie,rock,fairy,images/diancie.png
hoopa,psychic,ghost,images/hoopa.png
volcanion,fire,water,images/volcanion.png
rowlet,grass,flying,images/rowlet.png
dartrix,grass,flying,images/dartrix.png
decidueye,grass,ghost,images/decidueye.png
litten,fire,,images/litten.png
torracat,fire,,images/torracat.png
incineroar,fire,dark,images/incineroar.png
popplio,water,,images/popplio.png
brionne,water,,images/brionne.png
primarina,water,fairy,images/primarina.png
pikipek,normal,flying,images/pikipek.png
trumbeak,normal,flying,images/trumbeak.png
toucannon,normal,flying,images/toucannon.png
yungoos,normal,,images/yungoos.png
gumshoos,normal,,images/gumshoos.png
grubbin,bug,,images/grubbin.png
charjabug,bug,electric,images/charjabug.png
vikavolt,bug,electric,images/vikavolt.png
crabrawler,fighting,,images/crabrawler.png
crabominable,fighting,ice,images/crabominable.png
oricorio-baile,fire,flying,images/oricorio-baile.png
cutiefly,bug,fairy,images/cutiefly.png
ribombee,bug,fairy,images/ribombee.png
rockruff,rock,,images/rockruff.png
lycanroc-midday,rock,,images/lycanroc-midday.png
wishiwashi-solo,water,,images/wishiwashi-solo.png
mareanie,poison,water,images/mareanie.png
toxapex,poison,water,images/toxapex.png
mudbray,ground,,images/mudbray.png
mudsdale,ground,,images/mudsdale.png
dewpider,water,bug,images/dewpider.png
araquanid,water,bug,images/araquanid.png
fomantis,grass,,images/fomantis.png
lurantis,grass,,images/lurantis.png
morelull,grass,fairy,images/morelull.png
shiinotic,grass,fairy,images/shiinotic.png
salandit,poison,fire,images/salandit.png
salazzle,poison,fire,images/salazzle.png
stufful,normal,fighting,images/stufful.png
bewear,normal,fighting,images/bewear.png
bounsweet,grass,,images/bounsweet.png
steenee,grass,,images/steenee.png
tsareena,grass,,images/tsareena.png
comfey,fairy,,images/comfey.png
oranguru,normal,psychic,images/oranguru.png
passimian,fighting,,images/passimian.png
wimpod,bug,water,images/wimpod.png
golisopod,bug,water,images/golisopod.png
sandygast,ghost,ground,images/sandygast.png
palossand,ghost,ground,images/palossand.png
pyukumuku,water,,images/pyukumuku.png
type-null,normal,,images/type-null.png
silvally,normal,,images/silvally.png
minior-red-meteor,rock,flying,images/minior-red-meteor.png
komala,normal,,images/komala.png
turtonator,fire,dragon,images/turtonator.png
togedemaru,electric,steel,images/togedemaru.png
mimikyu-disguised,ghost,fairy,images/mimikyu-disguised.png
bruxish,water,psychic,images/bruxish.png
drampa,normal,dragon,images/drampa.png
dhelmise,ghost,grass,images/dhelmise.png
jangmo-o,dragon,,images/jangmo-o.png
hakamo-o,dragon,fighting,images/hakamo-o.png
kommo-o,dragon,fighting,images/kommo-o.png
tapu-koko,electric,fairy,images/tapu-koko.png
tapu-lele,psychic,fairy,images/tapu-lele.png
tapu-bulu,grass,fairy,images/tapu-bulu.png
tapu-fini,water,fairy,images/tapu-fini.png
cosmog,psychic,,images/cosmog.png
cosmoem,psychic,,images/cosmoem.png
solgaleo,psychic,steel,images/solgaleo.png
lunala,psychic,ghost,images/lunala.png
nihilego,rock,poison,images/nihilego.png
buzzwole,bug,fighting,images/buzzwole.png
pheromosa,bug,fighting,images/pheromosa.png
xurkitree,electric,,images/xurkitree.png
celesteela,steel,flying,images/celesteela.png
kartana,grass,steel,images/kartana.png
guzzlord,dark,dragon,images/guzzlord.png
necrozma,psychic,,images/necrozma.png
magearna,steel,fairy,images/magearna.png
marshadow,fighting,ghost,images/marshadow.png
poipole,poison,,images/poipole.png
naganadel,poison,dragon,images/naganadel.png
stakataka,rock,steel,images/stakataka.png
blacephalon,fire,ghost,images/blacephalon.png
zeraora,electric,,images/zeraora.png
meltan,steel,,images/meltan.png
melmetal,steel,,images/melmetal.png
grookey,grass,,images/grookey.png
thwackey,grass,,images/thwackey.png
rillaboom,grass,,images/rillaboom.png
scorbunny,fire,,images/scorbunny.png
raboot,fire,,images/raboot.png
cinderace,fire,,images/cinderace.png
sobble,water,,images/sobble.png
drizzile,water,,images/drizzile.png
inteleon,water,,images/inteleon.png
skwovet,normal,,images/skwovet.png
greedent,normal,,images/greedent.png
rookidee,flying,,images/rookidee.png
corvisquire,flying,,images/corvisquire.png
corviknight,flying,steel,images/corviknight.png
blipbug,bug,,images/blipbug.png
dottler,bug,psychic,images/dottler.png
orbeetle,bug,psychic,images/orbeetle.png
nickit,dark,,images/nickit.png
thievul,dark,,images/thievul.png
gossifleur,grass,,images/gossifleur.png
eldegoss,grass,,images/eldegoss.png
wooloo,normal,,images/wooloo.png
dubwool,normal,,images/dubwool.png
chewtle,water,,images/chewtle.png
drednaw,water,rock,images/drednaw.png
yamper,electric,,images/yamper.png
boltund,electric,,images/boltund.png
rolycoly,rock,,images/rolycoly.png
carkol,rock,fire,images/carkol.png
coalossal,rock,fire,images/coalossal.png
applin,grass,dragon,images/applin.png
flapple,grass,dragon,images/flapple.png
appletun,grass,dragon,images/appletun.png
silicobra,ground,,images/silicobra.png
sandaconda,ground,,images/sandaconda.png
cramorant,flying,water,images/cramorant.png
arrokuda,water,,images/arrokuda.png
barraskewda,water,,images/barraskewda.png
toxel,electric,poison,images/toxel.png
toxtricity-amped,electric,poison,images/toxtricity-amped.png
sizzlipede,fire,bug,images/sizzlipede.png
centiskorch,fire,bug,images/centiskorch.png
clobbopus,fighting,,images/clobbopus.png
grapploct,fighting,,images/grapploct.png
sinistea,ghost,,images/sinistea.png
polteageist,ghost,,images/polteageist.png
hatenna,psychic,,images/hatenna.png
hattrem,psychic,,images/hattrem.png
hatterene,psychic,fairy,images/hatterene.png
impidimp,dark,fairy,images/impidimp.png
morgrem,dark,fairy,images/morgrem.png
grimmsnarl,dark,fairy,images/grimmsnarl.png
obstagoon,dark,normal,images/obstagoon.png
perrserker,steel,,images/perrserker.png
cursola,ghost,,images/cursola.png
sirfetchd,fighting,,images/sirfetchd.png
mr-rime,ice,psychic,images/mr-rime.png
runerigus,ground,ghost,images/runerigus.png
milcery,fairy,,images/milcery.png
alcremie,fairy,,images/alcremie.png
falinks,fighting,,images/falinks.png
pincurchin,electric,,images/pincurchin.png
snom,ice,bug,images/snom.png
frosmoth,ice,bug,images/frosmoth.png
stonjourner,rock,,images/stonjourner.png
eiscue-ice,ice,,images/eiscue-ice.png
indeedee-male,psychic,normal,images/indeedee-male.png
morpeko-full-belly,electric,dark,images/morpeko-full-belly.png
cufant,steel,,images/cufant.png
copperajah,steel,,images/copperajah.png
dracozolt,electric,dragon,images/dracozolt.png
arctozolt,electric,ice,images/arctozolt.png
dracovish,water,dragon,images/dracovish.png
arctovish,water,ice,images/arctovish.png
duraludon,steel,dragon,images/duraludon.png
dreepy,dragon,ghost,images/dreepy.png
drakloak,dragon,ghost,images/drakloak.png
dragapult,dragon,ghost,images/dragapult.png
zacian,fairy,,images/zacian.png
zamazenta,fighting,,images/zamazenta.png
eternatus,poison,dragon,images/eternatus.png
kubfu,fighting,,images/kubfu.png
urshifu-single-strike,fighting,dark,images/urshifu-single-strike.png
zarude,dark,grass,images/zarude.png
regieleki,electric,,images/regieleki.png
regidrago,dragon,,images/regidrago.png
glastrier,ice,,images/glastrier.png
spectrier,ghost,,images/spectrier.png
calyrex,psychic,grass,images/calyrex.png
wyrdeer,normal,psychic,images/wyrdeer.png
kleavor,bug,rock,images/kleavor.png
ursaluna,ground,normal,images/ursaluna.png
basculegion-male,water,ghost,images/basculegion-male.png
sneasler,fighting,poison,images/sneasler.png
overqwil,dark,poison,images/overqwil.png
enamorus-incarnate,fairy,flying,images/enamorus-incarnate.png
sprigatito,grass,,images/sprigatito.png
floragato,grass,,images/floragato.png
meowscarada,grass,dark,images/meowscarada.png
fuecoco,fire,,images/fuecoco.png
crocalor,fire,,images/crocalor.png
skeledirge,fire,ghost,images/skeledirge.png
quaxly,water,,images/quaxly.png
quaxwell,water,,images/quaxwell.png
quaquaval,water,fighting,images/quaquaval.png
lechonk,normal,,images/lechonk.png
oinkologne,normal,,images/oinkologne.png
tarountula,bug,,images/tarountula.png
spidops,bug,,images/spidops.png
nymble,bug,,images/nymble.png
lokix,bug,dark,images/lokix.png
pawmi,electric,,images/pawmi.png
pawmo,electric,fighting,images/pawmo.png
pawmot,electric,fighting,images/pawmot.png
tandemaus,normal,,images/tandemaus.png
maushold,normal,,images/maushold.png
fidough,fairy,,images/fidough.png
dachsbun,fairy,,images/dachsbun.png
smoliv,grass,normal,images/smoliv.png
dolliv,grass,normal,images/dolliv.png
arboliva,grass,normal,images/arboliva.png
squawkabilly,normal,flying,images/squawkabilly.png
nacli,rock,,images/nacli.png
naclstack,rock,,images/naclstack.png
garganacl,rock,,images/garganacl.png
charcadet,fire,,images/charcadet.png
armarouge,fire,psychic,images/armarouge.png
ceruledge,fire,ghost,images/ceruledge.png
tadbulb,electric,,images/tadbulb.png
bellibolt,electric,,images/bellibolt.png
wattrel,electric,flying,images/wattrel.png
kilowattrel,electric,flying,images/kilowattrel.png
maschiff,dark,,images/maschiff.png
mabosstiff,dark,,images/mabosstiff.png
shroodle,poison,normal,images/shroodle.png
grafaiai,poison,normal,images/grafaiai.png
bramblin,grass,ghost,images/bramblin.png
brambleghast,grass,ghost,images/brambleghast.png
toedscool,ground,grass,images/toedscool.png
toedscruel,ground,grass,images/toedscruel.png
klawf,rock,,images/klawf.png
capsakid,grass,,images/capsakid.png
scovillain,grass,fire,images/scovillain.png
rellor,bug,,images/rellor.png
rabsca,bug,psychic,images/rabsca.png
flittle,psychic,,images/flittle.png
espathra,psychic,,images/espathra.png
tinkatink,fairy,steel,images/tinkatink.png
tinkatuff,fairy,steel,images/tinkatuff.png
tinkaton,fairy,steel,images/tinkaton.png
wiglett,water,,images/wiglett.png
wugtrio,water,,images/wugtrio.png
bombirdier,flying,dark,images/bombirdier.png
finizen,water,,images/finizen.png
palafin,water,,images/palafin.png
varoom,steel,poison,images/varoom.png
revavroom,steel,poison,images/revavroom.png
cyclizar,dragon,normal,images/cyclizar.png
orthworm,steel,,images/orthworm.png
glimmet,rock,poison,images/glimmet.png
glimmora,rock,poison,images/glimmora.png
greavard,ghost,,images/greavard.png
houndstone,ghost,,images/houndstone.png
flamigo,flying,fighting,images/flamigo.png
cetoddle,ice,,images/cetoddle.png
cetitan,ice,,images/cetitan.png
veluza,water,psychic,images/veluza.png
dondozo,water,,images/dondozo.png
tatsugiri,dragon,water,images/tatsugiri.png
annihilape,fighting,ghost,images/annihilape.png
clodsire,poison,ground,images/clodsire.png
farigiraf,normal,psychic,images/farigiraf.png
dudunsparce,normal,,images/dudunsparce.png
kingambit,dark,steel,images/kingambit.png
great-tusk,ground,fighting,images/great-tusk.png
scream-tail,fairy,psychic,images/scream-tail.png
brute-bonnet,grass,dark,images/brute-bonnet.png
flutter-mane,ghost,fairy,images/flutter-mane.png
slither-wing,bug,fighting,images/slither-wing.png
sandy-shocks,electric,ground,images/sandy-shocks.png
iron-treads,ground,steel,images/iron-treads.png
iron-bundle,ice,water,images/iron-bundle.png
iron-hands,fighting,electric,images/iron-hands.png
iron-jugulis,dark,flying,images/iron-jugulis.png
iron-moth,fire,poison,images/iron-moth.png
iron-thorns,rock,electric,images/iron-thorns.png
frigibax,dragon,ice,images/frigibax.png
arctibax,dragon,ice,images/arctibax.png
baxcalibur,dragon,ice,images/baxcalibur.png
gimmighoul,ghost,,images/gimmighoul.png
gholdengo,steel,ghost,images/gholdengo.png
wo-chien,dark,grass,images/wo-chien.png
chien-pao,dark,ice,images/chien-pao.png
ting-lu,dark,ground,images/ting-lu.png
chi-yu,dark,fire,images/chi-yu.png
roaring-moon,dragon,dark,images/roaring-moon.png
iron-valiant,fairy,fighting,images/iron-valiant.png
koraidon,fighting,dragon,images/koraidon.png
miraidon,electric,dragon,images/miraidon.png
walking-wake,water,dragon,images/walking-wake.png
iron-leaves,grass,psychic,images/iron-leaves.png
dipplin,grass,dragon,images/dipplin.png
poltchageist,grass,ghost,images/poltchageist.png
sinistcha,grass,ghost,images/sinistcha.png
okidogi,poison,fighting,images/okidogi.png
munkidori,poison,psychic,images/munkidori.png
fezandipiti,poison,fairy,images/fezandipiti.png
ogerpon,grass,,images/ogerpon.png
